INTERN,FACEBOOK,INSTAGRAM,TWITTER,QUORA,LINKEDIN,REDDIT,SNAPCHAT,YOUTUBE,TIKTOK,EMAIL,OTHER,
7,6,4,4,0,2,2,2,0,0,2,2,31
9,120,2,0,0,3,2,1,0,0,0,1,138
10,0,0,0,0,0,0,0,0,0,0,0,10
15,0,48,294,0,10,76,26,0,0,0,24,493
18,840,186,0,0,0,0,0,0,0,0,500,1544
22,558,4,210,0,122,236,138,0,0,2,2,1294
47,0,0,312,0,2,34,0,0,0,0,38,433
52,0,0,0,0,0,0,0,0,0,0,0,52
53,8,20,0,0,0,0,0,0,0,0,0,81
55,112,0,0,0,22,168,0,0,0,0,14,371
57,0,0,0,0,0,26,0,0,0,0,38,121
61,3,0,0,0,0,9,0,0,0,0,24,97
73,0,0,0,0,0,2,0,0,0,0,2,77
75,410,152,34,90,56,406,0,0,0,0,18,1241
78,0,18,0,0,0,0,0,0,0,0,0,96
81,656,2,0,0,2,18,2,0,0,0,0,761
82,266,2,0,0,82,1042,2,0,0,0,0,1476
83,192,30,0,0,2,536,18,0,0,0,0,861
87,542,18,152,0,38,0,0,0,0,0,0,837
89,114,0,206,0,6,200,0,0,0,2,6,623
90,0,0,0,0,0,14,0,0,0,0,66,170
92,158,44,858,0,2,426,0,0,0,0,146,1726
93,278,4,222,0,26,1120,0,0,0,0,0,1743
94,58,0,20,0,0,28,0,0,0,0,8,208
97,270,0,108,0,30,164,0,0,0,0,0,669
98,0,0,198,0,10,34,0,0,0,0,2,342
99,226,280,0,0,0,180,0,0,0,0,0,785
101,0,0,0,0,0,24,2,0,0,0,0,127
102,60,0,0,0,0,6,0,0,0,44,0,212
103,2,0,0,0,3,13,3,0,0,0,9,133
107,2,0,0,0,0,2,0,0,0,0,0,111
114,0,0,0,0,0,0,0,0,0,0,3,117
116,143,2,33,0,14,86,0,0,0,1,0,395
119,858,2,0,0,0,80,0,0,0,0,0,1059
123,0,8,0,0,0,44,0,0,0,0,0,175
124,44,21,4,0,1,54,1,0,0,2,1,252
125,0,0,0,0,0,76,0,0,0,0,0,201
123,0,4,0,0,0,22,0,0,0,0,0,149
91,187,4,1,0,42,26,0,0,0,0,3,354
126,0,0,0,0,0,0,0,0,0,0,0,126
133,0,0,0,0,0,0,0,0,0,0,0,133
132,0,0,0,0,0,0,0,0,0,0,0,132
141,0,0,0,0,0,0,0,0,0,0,0,141
143,0,0,0,0,0,0,0,0,0,0,0,143
144,0,0,0,0,0,0,0,0,0,0,0,144
142,0,0,0,0,0,0,0,0,0,0,0,142
4026,6113,855,2656,90,475,5156,195,0,0,53,907,20526
